device_status,test_end_time,zone,wafer_id,sweep_number,device_id,zone,subcell,cell,test_setup,current_limit_A,max_current_A,test_id,photodiode_dark_current_A,test_duration_s,test_temperature_C,lot_id,test_start_time,save_directory,mask_alias_id,setup_start_time
Working,2024-07-16T14:42:11+00:00,Z00,W01,1,W01-X4-Y2-Z00-B3-gap1-25C,Z00,B3,D2,Setup1,0.1,0.000147639,Test_1,-3.49E-13,5,25,A1234,2024-07-16T14:42:06+00:00,C:\Users\Documents\Folder_1,A123,2024-07-16T14:42:01+00:00
Working,2024-07-16T14:42:21+00:00,Z00,W01,1,W01-X4-Y2-Z00-B3-gap2-25C,Z00,B3,D2,Setup1,0.1,0.00013377,Test_1,-3.21E-13,5,25,A1234,2024-07-16T14:42:16+00:00,C:\Users\Documents\Folder_1,A123,2024-07-16T14:42:01+00:00
Working,2024-07-16T14:42:31+00:00,Z00,W01,1,W01-X4-Y2-Z00-B3-gap3-25C,Z00,B3,D2,Setup1,0.1,0.000126224,Test_1,-3.43E-13,5,25,A1234,2024-07-16T14:42:26+00:00,C:\Users\Documents\Folder_1,A123,2024-07-16T14:42:01+00:00
Working,2024-07-16T14:42:41+00:00,Z00,W01,1,W01-X4-Y2-Z00-B3-gap4-25C,Z00,B3,D2,Setup1,0.1,0.000110282,Test_1,-3.56E-13,6,25,A1234,2024-07-16T14:42:35+00:00,C:\Users\Documents\Folder_1,A123,2024-07-16T14:42:01+00:00
Working,2024-07-16T14:42:49+00:00,Z00,W01,1,W01-X4-Y2-Z00-B3-gap5-25C,Z00,B3,D2,Setup1,0.1,0.000589185,Test_1,-2.42E-13,4,25,A1234,2024-07-16T14:42:45+00:00,C:\Users\Documents\Folder_1,A123,2024-07-16T14:42:01+00:00
Working,2024-07-16T14:42:59+00:00,Z00,W01,1,W01-X4-Y2-Z00-B3-gap10-25C,Z00,B3,D2,Setup1,0.1,0.000105009,Test_1,-3.44E-13,5,25,A1234,2024-07-16T14:42:54+00:00,C:\Users\Documents\Folder_1,A123,2024-07-16T14:42:01+00:00
Working,2024-07-16T14:43:05+00:00,Z00,W01,1,W01-X4-Y2-Z00-B4-gap1-25C,Z00,B4,D2,Setup1,0.1,0.091032,Test_1,-3.05E-13,1,25,A1234,2024-07-16T14:43:04+00:00,C:\Users\Documents\Folder_1,A123,2024-07-16T14:42:01+00:00
Working,2024-07-16T14:43:11+00:00,Z00,W01,1,W01-X4-Y2-Z00-B4-gap2-25C,Z00,B4,D2,Setup1,0.1,0.097611,Test_1,-3.01E-13,2,25,A1234,2024-07-16T14:43:09+00:00,C:\Users\Documents\Folder_1,A123,2024-07-16T14:42:01+00:00
Working,2024-07-16T14:43:16+00:00,Z00,W01,1,W01-X4-Y2-Z00-B4-gap3-25C,Z00,B4,D2,Setup1,0.1,0.0998958,Test_1,-3.14E-13,1,25,A1234,2024-07-16T14:43:15+00:00,C:\Users\Documents\Folder_1,A123,2024-07-16T14:42:01+00:00
Working,2024-07-16T14:43:22+00:00,Z00,W01,1,W01-X4-Y2-Z00-B4-gap4-25C,Z00,B4,D2,Setup1,0.1,0.0971828,Test_1,-2.94E-13,1,25,A1234,2024-07-16T14:43:21+00:00,C:\Users\Documents\Folder_1,A123,2024-07-16T14:42:01+00:00
Working,2024-07-16T14:43:28+00:00,Z00,W01,1,W01-X4-Y2-Z00-B4-gap5-25C,Z00,B4,D2,Setup1,0.1,0.0853391,Test_1,-2.61E-13,1,25,A1234,2024-07-16T14:43:27+00:00,C:\Users\Documents\Folder_1,A123,2024-07-16T14:42:01+00:00
Working,2024-07-16T14:43:34+00:00,Z00,W01,1,W01-X4-Y2-Z00-B4-gap10-25C,Z00,B4,D2,Setup1,0.1,0.0997473,Test_1,-3.01E-13,1,25,A1234,2024-07-16T14:43:33+00:00,C:\Users\Documents\Folder_1,A123,2024-07-16T14:42:01+00:00
Working,2024-07-16T14:43:46+00:00,Z00,W01,1,W01-X7-Y2-Z00-B3-gap1-25C,Z00,B3,G2,Setup1,0.1,0.00011384,Test_1,-3.36E-13,5,25,A1234,2024-07-16T14:43:41+00:00,C:\Users\Documents\Folder_1,A123,2024-07-16T14:43:36+00:00
Working,2024-07-16T14:43:56+00:00,Z00,W01,1,W01-X7-Y2-Z00-B3-gap2-25C,Z00,B3,G2,Setup1,0.1,0.000120957,Test_1,-2.69E-13,5,25,A1234,2024-07-16T14:43:51+00:00,C:\Users\Documents\Folder_1,A123,2024-07-16T14:43:36+00:00
Working,2024-07-16T14:44:06+00:00,Z00,W01,1,W01-X7-Y2-Z00-B3-gap3-25C,Z00,B3,G2,Setup1,0.1,0.000116958,Test_1,-2.96E-13,5,25,A1234,2024-07-16T14:44:01+00:00,C:\Users\Documents\Folder_1,A123,2024-07-16T14:43:36+00:00
Working,2024-07-16T14:44:16+00:00,Z00,W01,1,W01-X7-Y2-Z00-B3-gap4-25C,Z00,B3,G2,Setup1,0.1,0.000135627,Test_1,-3.66E-13,6,25,A1234,2024-07-16T14:44:10+00:00,C:\Users\Documents\Folder_1,A123,2024-07-16T14:43:36+00:00
Working,2024-07-16T14:44:26+00:00,Z00,W01,1,W01-X7-Y2-Z00-B3-gap5-25C,Z00,B3,G2,Setup1,0.1,0.000142456,Test_1,-2.97E-13,6,25,A1234,2024-07-16T14:44:20+00:00,C:\Users\Documents\Folder_1,A123,2024-07-16T14:43:36+00:00
Working,2024-07-16T14:44:36+00:00,Z00,W01,1,W01-X7-Y2-Z00-B3-gap10-25C,Z00,B3,G2,Setup1,0.1,0.000152229,Test_1,-3.05E-13,6,25,A1234,2024-07-16T14:44:30+00:00,C:\Users\Documents\Folder_1,A123,2024-07-16T14:43:36+00:00
Working,2024-07-16T14:44:46+00:00,Z00,W01,1,W01-X7-Y2-Z00-B4-gap1-25C,Z00,B4,G2,Setup1,0.1,3.87E-06,Test_1,-3.48E-13,6,25,A1234,2024-07-16T14:44:40+00:00,C:\Users\Documents\Folder_1,A123,2024-07-16T14:43:36+00:00
Working,2024-07-16T14:44:51+00:00,Z00,W01,1,W01-X7-Y2-Z00-B4-gap2-25C,Z00,B4,G2,Setup1,0.1,0.0918277,Test_1,-2.24E-13,1,25,A1234,2024-07-16T14:44:50+00:00,C:\Users\Documents\Folder_1,A123,2024-07-16T14:43:36+00:00
Working,2024-07-16T14:44:57+00:00,Z00,W01,1,W01-X7-Y2-Z00-B4-gap3-25C,Z00,B4,G2,Setup1,0.1,0.0945733,Test_1,-2.59E-13,1,25,A1234,2024-07-16T14:44:56+00:00,C:\Users\Documents\Folder_1,A123,2024-07-16T14:43:36+00:00
Working,2024-07-16T14:45:03+00:00,Z00,W01,1,W01-X7-Y2-Z00-B4-gap4-25C,Z00,B4,G2,Setup1,0.1,0.0995948,Test_1,-2.88E-13,1,25,A1234,2024-07-16T14:45:02+00:00,C:\Users\Documents\Folder_1,A123,2024-07-16T14:43:36+00:00
Working,2024-07-16T14:45:09+00:00,Z00,W01,1,W01-X7-Y2-Z00-B4-gap5-25C,Z00,B4,G2,Setup1,0.1,0.0888556,Test_1,-3.07E-13,1,25,A1234,2024-07-16T14:45:08+00:00,C:\Users\Documents\Folder_1,A123,2024-07-16T14:43:36+00:00
Working,2024-07-16T14:45:15+00:00,Z00,W01,1,W01-X7-Y2-Z00-B4-gap10-25C,Z00,B4,G2,Setup1,0.1,0.0993633,Test_1,-3.75E-13,2,25,A1234,2024-07-16T14:45:13+00:00,C:\Users\Documents\Folder_1,A123,2024-07-16T14:43:36+00:00
Working,2024-07-16T14:45:27+00:00,Z00,W01,1,W01-X6-Y3-Z00-B3-gap1-25C,Z00,B3,F3,Setup1,0.1,9.17E-05,Test_1,-3.51E-13,6,25,A1234,2024-07-16T14:45:21+00:00,C:\Users\Documents\Folder_1,A123,2024-07-16T14:45:17+00:00
Working,2024-07-16T14:45:36+00:00,Z00,W01,1,W01-X6-Y3-Z00-B3-gap2-25C,Z00,B3,F3,Setup1,0.1,9.12E-05,Test_1,-2.84E-13,5,25,A1234,2024-07-16T14:45:31+00:00,C:\Users\Documents\Folder_1,A123,2024-07-16T14:45:17+00:00
Working,2024-07-16T14:45:46+00:00,Z00,W01,1,W01-X6-Y3-Z00-B3-gap3-25C,Z00,B3,F3,Setup1,0.1,9.18E-05,Test_1,-3.13E-13,5,25,A1234,2024-07-16T14:45:41+00:00,C:\Users\Documents\Folder_1,A123,2024-07-16T14:45:17+00:00
Working,2024-07-16T14:45:56+00:00,Z00,W01,1,W01-X6-Y3-Z00-B3-gap4-25C,Z00,B3,F3,Setup1,0.1,9.75E-05,Test_1,-2.44E-13,5,25,A1234,2024-07-16T14:45:51+00:00,C:\Users\Documents\Folder_1,A123,2024-07-16T14:45:17+00:00
Working,2024-07-16T14:46:06+00:00,Z00,W01,1,W01-X6-Y3-Z00-B3-gap5-25C,Z00,B3,F3,Setup1,0.1,9.88E-05,Test_1,-3.22E-13,5,25,A1234,2024-07-16T14:46:01+00:00,C:\Users\Documents\Folder_1,A123,2024-07-16T14:45:17+00:00
Working,2024-07-16T14:46:16+00:00,Z00,W01,1,W01-X6-Y3-Z00-B3-gap10-25C,Z00,B3,F3,Setup1,0.1,0.00010157,Test_1,-3.44E-13,5,25,A1234,2024-07-16T14:46:11+00:00,C:\Users\Documents\Folder_1,A123,2024-07-16T14:45:17+00:00
Working,2024-07-16T14:46:22+00:00,Z00,W01,1,W01-X6-Y3-Z00-B4-gap1-25C,Z00,B4,F3,Setup1,0.1,0.0996823,Test_1,-2.86E-13,1,25,A1234,2024-07-16T14:46:21+00:00,C:\Users\Documents\Folder_1,A123,2024-07-16T14:45:17+00:00
Working,2024-07-16T14:46:28+00:00,Z00,W01,1,W01-X6-Y3-Z00-B4-gap2-25C,Z00,B4,F3,Setup1,0.1,0.0995772,Test_1,-3.64E-13,1,25,A1234,2024-07-16T14:46:27+00:00,C:\Users\Documents\Folder_1,A123,2024-07-16T14:45:17+00:00
Working,2024-07-16T14:46:33+00:00,Z00,W01,1,W01-X6-Y3-Z00-B4-gap3-25C,Z00,B4,F3,Setup1,0.1,0.0919693,Test_1,-3.13E-13,1,25,A1234,2024-07-16T14:46:32+00:00,C:\Users\Documents\Folder_1,A123,2024-07-16T14:45:17+00:00
Working,2024-07-16T14:46:39+00:00,Z00,W01,1,W01-X6-Y3-Z00-B4-gap4-25C,Z00,B4,F3,Setup1,0.1,0.0965988,Test_1,-3.10E-13,1,25,A1234,2024-07-16T14:46:38+00:00,C:\Users\Documents\Folder_1,A123,2024-07-16T14:45:17+00:00
Working,2024-07-16T14:46:45+00:00,Z00,W01,1,W01-X6-Y3-Z00-B4-gap5-25C,Z00,B4,F3,Setup1,0.1,0.0938699,Test_1,-2.70E-13,2,25,A1234,2024-07-16T14:46:43+00:00,C:\Users\Documents\Folder_1,A123,2024-07-16T14:45:17+00:00
Working,2024-07-16T14:46:51+00:00,Z00,W01,1,W01-X6-Y3-Z00-B4-gap10-25C,Z00,B4,F3,Setup1,0.1,0.0996369,Test_1,-2.79E-13,2,25,A1234,2024-07-16T14:46:49+00:00,C:\Users\Documents\Folder_1,A123,2024-07-16T14:45:17+00:00
Working,2024-07-16T14:47:02+00:00,Z00,W01,1,W01-X5-Y3-Z00-B3-gap1-25C,Z00,B3,E3,Setup1,0.1,8.11E-05,Test_1,-2.80E-13,5,25,A1234,2024-07-16T14:46:57+00:00,C:\Users\Documents\Folder_1,A123,2024-07-16T14:46:53+00:00
Working,2024-07-16T14:47:12+00:00,Z00,W01,1,W01-X5-Y3-Z00-B3-gap2-25C,Z00,B3,E3,Setup1,0.1,8.95E-05,Test_1,-3.90E-13,5,25,A1234,2024-07-16T14:47:07+00:00,C:\Users\Documents\Folder_1,A123,2024-07-16T14:46:53+00:00
Working,2024-07-16T14:47:22+00:00,Z00,W01,1,W01-X5-Y3-Z00-B3-gap3-25C,Z00,B3,E3,Setup1,0.1,8.72E-05,Test_1,-3.31E-13,5,25,A1234,2024-07-16T14:47:17+00:00,C:\Users\Documents\Folder_1,A123,2024-07-16T14:46:53+00:00
Working,2024-07-16T14:47:32+00:00,Z00,W01,1,W01-X5-Y3-Z00-B3-gap4-25C,Z00,B3,E3,Setup1,0.1,8.93E-05,Test_1,-3.36E-13,5,25,A1234,2024-07-16T14:47:27+00:00,C:\Users\Documents\Folder_1,A123,2024-07-16T14:46:53+00:00
Working,2024-07-16T14:47:42+00:00,Z00,W01,1,W01-X5-Y3-Z00-B3-gap5-25C,Z00,B3,E3,Setup1,0.1,8.55E-05,Test_1,-3.49E-13,6,25,A1234,2024-07-16T14:47:36+00:00,C:\Users\Documents\Folder_1,A123,2024-07-16T14:46:53+00:00
Working,2024-07-16T14:47:52+00:00,Z00,W01,1,W01-X5-Y3-Z00-B3-gap10-25C,Z00,B3,E3,Setup1,0.1,8.96E-05,Test_1,-2.96E-13,6,25,A1234,2024-07-16T14:47:46+00:00,C:\Users\Documents\Folder_1,A123,2024-07-16T14:46:53+00:00
Working,2024-07-16T14:47:57+00:00,Z00,W01,1,W01-X5-Y3-Z00-B4-gap1-25C,Z00,B4,E3,Setup1,0.1,0.0895502,Test_1,-2.85E-13,1,25,A1234,2024-07-16T14:47:56+00:00,C:\Users\Documents\Folder_1,A123,2024-07-16T14:46:53+00:00
Working,2024-07-16T14:48:03+00:00,Z00,W01,1,W01-X5-Y3-Z00-B4-gap2-25C,Z00,B4,E3,Setup1,0.1,0.0903032,Test_1,-2.89E-13,1,25,A1234,2024-07-16T14:48:02+00:00,C:\Users\Documents\Folder_1,A123,2024-07-16T14:46:53+00:00
Working,2024-07-16T14:48:09+00:00,Z00,W01,1,W01-X5-Y3-Z00-B4-gap3-25C,Z00,B4,E3,Setup1,0.1,0.0931837,Test_1,-2.76E-13,1,25,A1234,2024-07-16T14:48:08+00:00,C:\Users\Documents\Folder_1,A123,2024-07-16T14:46:53+00:00
Working,2024-07-16T14:48:15+00:00,Z00,W01,1,W01-X5-Y3-Z00-B4-gap4-25C,Z00,B4,E3,Setup1,0.1,0.0983754,Test_1,-2.58E-13,2,25,A1234,2024-07-16T14:48:13+00:00,C:\Users\Documents\Folder_1,A123,2024-07-16T14:46:53+00:00
Working,2024-07-16T14:48:20+00:00,Z00,W01,1,W01-X5-Y3-Z00-B4-gap5-25C,Z00,B4,E3,Setup1,0.1,0.0985809,Test_1,-2.45E-13,1,25,A1234,2024-07-16T14:48:19+00:00,C:\Users\Documents\Folder_1,A123,2024-07-16T14:46:53+00:00
Working,2024-07-16T14:48:27+00:00,Z00,W01,1,W01-X5-Y3-Z00-B4-gap10-25C,Z00,B4,E3,Setup1,0.1,0.0863888,Test_1,-2.58E-13,2,25,A1234,2024-07-16T14:48:25+00:00,C:\Users\Documents\Folder_1,A123,2024-07-16T14:46:53+00:00
Working,2024-07-16T14:48:37+00:00,Z00,W01,1,W01-X5-Y4-Z00-B3-gap1-25C,Z00,B3,E4,Setup1,0.1,0.00018802,Test_1,-3.26E-13,4,25,A1234,2024-07-16T14:48:33+00:00,C:\Users\Documents\Folder_1,A123,2024-07-16T14:48:29+00:00
Working,2024-07-16T14:48:46+00:00,Z00,W01,1,W01-X5-Y4-Z00-B3-gap2-25C,Z00,B3,E4,Setup1,0.1,0.000192192,Test_1,-3.00E-13,4,25,A1234,2024-07-16T14:48:42+00:00,C:\Users\Documents\Folder_1,A123,2024-07-16T14:48:29+00:00
Working,2024-07-16T14:48:55+00:00,Z00,W01,1,W01-X5-Y4-Z00-B3-gap3-25C,Z00,B3,E4,Setup1,0.1,0.000175076,Test_1,-3.35E-13,4,25,A1234,2024-07-16T14:48:51+00:00,C:\Users\Documents\Folder_1,A123,2024-07-16T14:48:29+00:00
Working,2024-07-16T14:49:04+00:00,Z00,W01,1,W01-X5-Y4-Z00-B3-gap4-25C,Z00,B3,E4,Setup1,0.1,0.000172548,Test_1,-3.19E-13,4,25,A1234,2024-07-16T14:49:00+00:00,C:\Users\Documents\Folder_1,A123,2024-07-16T14:48:29+00:00
Working,2024-07-16T14:49:13+00:00,Z00,W01,1,W01-X5-Y4-Z00-B3-gap5-25C,Z00,B3,E4,Setup1,0.1,0.00017525,Test_1,-3.26E-13,4,25,A1234,2024-07-16T14:49:09+00:00,C:\Users\Documents\Folder_1,A123,2024-07-16T14:48:29+00:00
Working,2024-07-16T14:49:23+00:00,Z00,W01,1,W01-X5-Y4-Z00-B3-gap10-25C,Z00,B3,E4,Setup1,0.1,0.000173213,Test_1,-2.73E-13,5,25,A1234,2024-07-16T14:49:18+00:00,C:\Users\Documents\Folder_1,A123,2024-07-16T14:48:29+00:00
Working,2024-07-16T14:49:29+00:00,Z00,W01,1,W01-X5-Y4-Z00-B4-gap1-25C,Z00,B4,E4,Setup1,0.1,0.0978063,Test_1,-2.75E-13,1,25,A1234,2024-07-16T14:49:28+00:00,C:\Users\Documents\Folder_1,A123,2024-07-16T14:48:29+00:00
Working,2024-07-16T14:49:34+00:00,Z00,W01,1,W01-X5-Y4-Z00-B4-gap2-25C,Z00,B4,E4,Setup1,0.1,0.0976853,Test_1,-3.15E-13,1,25,A1234,2024-07-16T14:49:33+00:00,C:\Users\Documents\Folder_1,A123,2024-07-16T14:48:29+00:00
Working,2024-07-16T14:49:40+00:00,Z00,W01,1,W01-X5-Y4-Z00-B4-gap3-25C,Z00,B4,E4,Setup1,0.1,0.0958415,Test_1,-2.84E-13,1,25,A1234,2024-07-16T14:49:39+00:00,C:\Users\Documents\Folder_1,A123,2024-07-16T14:48:29+00:00
Working,2024-07-16T14:49:46+00:00,Z00,W01,1,W01-X5-Y4-Z00-B4-gap4-25C,Z00,B4,E4,Setup1,0.1,0.099697,Test_1,-2.66E-13,1,25,A1234,2024-07-16T14:49:45+00:00,C:\Users\Documents\Folder_1,A123,2024-07-16T14:48:29+00:00
Working,2024-07-16T14:49:52+00:00,Z00,W01,1,W01-X5-Y4-Z00-B4-gap5-25C,Z00,B4,E4,Setup1,0.1,0.096665,Test_1,-3.14E-13,1,25,A1234,2024-07-16T14:49:51+00:00,C:\Users\Documents\Folder_1,A123,2024-07-16T14:48:29+00:00
Working,2024-07-16T14:49:58+00:00,Z00,W01,1,W01-X5-Y4-Z00-B4-gap10-25C,Z00,B4,E4,Setup1,0.1,0.0983491,Test_1,-2.75E-13,2,25,A1234,2024-07-16T14:49:56+00:00,C:\Users\Documents\Folder_1,A123,2024-07-16T14:48:29+00:00
Working,2024-07-16T14:50:08+00:00,Z00,W01,1,W01-X6-Y4-Z00-B3-gap1-25C,Z00,B3,F4,Setup1,0.1,0.000178238,Test_1,-2.17E-13,4,25,A1234,2024-07-16T14:50:04+00:00,C:\Users\Documents\Folder_1,A123,2024-07-16T14:50:00+00:00
Working,2024-07-16T14:50:17+00:00,Z00,W01,1,W01-X6-Y4-Z00-B3-gap2-25C,Z00,B3,F4,Setup1,0.1,0.000177955,Test_1,-3.16E-13,4,25,A1234,2024-07-16T14:50:13+00:00,C:\Users\Documents\Folder_1,A123,2024-07-16T14:50:00+00:00
Working,2024-07-16T14:50:26+00:00,Z00,W01,1,W01-X6-Y4-Z00-B3-gap3-25C,Z00,B3,F4,Setup1,0.1,0.000180278,Test_1,-2.38E-13,4,25,A1234,2024-07-16T14:50:22+00:00,C:\Users\Documents\Folder_1,A123,2024-07-16T14:50:00+00:00
Working,2024-07-16T14:50:35+00:00,Z00,W01,1,W01-X6-Y4-Z00-B3-gap4-25C,Z00,B3,F4,Setup1,0.1,0.000186144,Test_1,-3.55E-13,4,25,A1234,2024-07-16T14:50:31+00:00,C:\Users\Documents\Folder_1,A123,2024-07-16T14:50:00+00:00
Working,2024-07-16T14:50:44+00:00,Z00,W01,1,W01-X6-Y4-Z00-B3-gap5-25C,Z00,B3,F4,Setup1,0.1,0.000188889,Test_1,-2.18E-13,4,25,A1234,2024-07-16T14:50:40+00:00,C:\Users\Documents\Folder_1,A123,2024-07-16T14:50:00+00:00
Working,2024-07-16T14:50:53+00:00,Z00,W01,1,W01-X6-Y4-Z00-B3-gap10-25C,Z00,B3,F4,Setup1,0.1,0.000188993,Test_1,-2.51E-13,4,25,A1234,2024-07-16T14:50:49+00:00,C:\Users\Documents\Folder_1,A123,2024-07-16T14:50:00+00:00
Working,2024-07-16T14:50:59+00:00,Z00,W01,1,W01-X6-Y4-Z00-B4-gap1-25C,Z00,B4,F4,Setup1,0.1,0.093946,Test_1,-3.18E-13,1,25,A1234,2024-07-16T14:50:58+00:00,C:\Users\Documents\Folder_1,A123,2024-07-16T14:50:00+00:00
Working,2024-07-16T14:51:04+00:00,Z00,W01,1,W01-X6-Y4-Z00-B4-gap2-25C,Z00,B4,F4,Setup1,0.1,0.0829115,Test_1,-2.63E-13,1,25,A1234,2024-07-16T14:51:03+00:00,C:\Users\Documents\Folder_1,A123,2024-07-16T14:50:00+00:00
Working,2024-07-16T14:51:10+00:00,Z00,W01,1,W01-X6-Y4-Z00-B4-gap3-25C,Z00,B4,F4,Setup1,0.1,0.0944181,Test_1,-2.83E-13,1,25,A1234,2024-07-16T14:51:09+00:00,C:\Users\Documents\Folder_1,A123,2024-07-16T14:50:00+00:00
Working,2024-07-16T14:51:16+00:00,Z00,W01,1,W01-X6-Y4-Z00-B4-gap4-25C,Z00,B4,F4,Setup1,0.1,0.0981062,Test_1,-3.14E-13,2,25,A1234,2024-07-16T14:51:14+00:00,C:\Users\Documents\Folder_1,A123,2024-07-16T14:50:00+00:00
Working,2024-07-16T14:51:21+00:00,Z00,W01,1,W01-X6-Y4-Z00-B4-gap5-25C,Z00,B4,F4,Setup1,0.1,0.0920326,Test_1,-2.60E-13,1,25,A1234,2024-07-16T14:51:20+00:00,C:\Users\Documents\Folder_1,A123,2024-07-16T14:50:00+00:00
Working,2024-07-16T14:51:28+00:00,Z00,W01,1,W01-X6-Y4-Z00-B4-gap10-25C,Z00,B4,F4,Setup1,0.1,0.0958285,Test_1,-2.07E-13,2,25,A1234,2024-07-16T14:51:26+00:00,C:\Users\Documents\Folder_1,A123,2024-07-16T14:50:00+00:00
Working,2024-07-16T14:51:37+00:00,Z00,W01,1,W01-X7-Y5-Z00-B3-gap1-25C,Z00,B3,G5,Setup1,0.1,0.000477475,Test_1,-2.66E-13,3,25,A1234,2024-07-16T14:51:34+00:00,C:\Users\Documents\Folder_1,A123,2024-07-16T14:51:30+00:00
Working,2024-07-16T14:51:45+00:00,Z00,W01,1,W01-X7-Y5-Z00-B3-gap2-25C,Z00,B3,G5,Setup1,0.1,0.000485226,Test_1,-3.41E-13,3,25,A1234,2024-07-16T14:51:42+00:00,C:\Users\Documents\Folder_1,A123,2024-07-16T14:51:30+00:00
Working,2024-07-16T14:51:53+00:00,Z00,W01,1,W01-X7-Y5-Z00-B3-gap3-25C,Z00,B3,G5,Setup1,0.1,0.000501546,Test_1,-3.64E-13,3,25,A1234,2024-07-16T14:51:50+00:00,C:\Users\Documents\Folder_1,A123,2024-07-16T14:51:30+00:00
Working,2024-07-16T14:52:01+00:00,Z00,W01,1,W01-X7-Y5-Z00-B3-gap4-25C,Z00,B3,G5,Setup1,0.1,0.000509699,Test_1,-3.27E-13,3,25,A1234,2024-07-16T14:51:58+00:00,C:\Users\Documents\Folder_1,A123,2024-07-16T14:51:30+00:00
Working,2024-07-16T14:52:09+00:00,Z00,W01,1,W01-X7-Y5-Z00-B3-gap5-25C,Z00,B3,G5,Setup1,0.1,0.000534097,Test_1,-3.23E-13,3,25,A1234,2024-07-16T14:52:06+00:00,C:\Users\Documents\Folder_1,A123,2024-07-16T14:51:30+00:00
Working,2024-07-16T14:52:17+00:00,Z00,W01,1,W01-X7-Y5-Z00-B3-gap10-25C,Z00,B3,G5,Setup1,0.1,0.000551112,Test_1,-3.17E-13,4,25,A1234,2024-07-16T14:52:13+00:00,C:\Users\Documents\Folder_1,A123,2024-07-16T14:51:30+00:00
Working,2024-07-16T14:52:22+00:00,Z00,W01,1,W01-X7-Y5-Z00-B4-gap1-25C,Z00,B4,G5,Setup1,0.1,0.08253,Test_1,-2.91E-13,0,25,A1234,2024-07-16T14:52:22+00:00,C:\Users\Documents\Folder_1,A123,2024-07-16T14:51:30+00:00
Working,2024-07-16T14:52:28+00:00,Z00,W01,1,W01-X7-Y5-Z00-B4-gap2-25C,Z00,B4,G5,Setup1,0.1,0.0985099,Test_1,-2.86E-13,1,25,A1234,2024-07-16T14:52:27+00:00,C:\Users\Documents\Folder_1,A123,2024-07-16T14:51:30+00:00
Working,2024-07-16T14:52:34+00:00,Z00,W01,1,W01-X7-Y5-Z00-B4-gap3-25C,Z00,B4,G5,Setup1,0.1,0.0969881,Test_1,-2.96E-13,2,25,A1234,2024-07-16T14:52:32+00:00,C:\Users\Documents\Folder_1,A123,2024-07-16T14:51:30+00:00
Working,2024-07-16T14:52:39+00:00,Z00,W01,1,W01-X7-Y5-Z00-B4-gap4-25C,Z00,B4,G5,Setup1,0.1,0.0968165,Test_1,-2.74E-13,1,25,A1234,2024-07-16T14:52:38+00:00,C:\Users\Documents\Folder_1,A123,2024-07-16T14:51:30+00:00
Working,2024-07-16T14:52:45+00:00,Z00,W01,1,W01-X7-Y5-Z00-B4-gap5-25C,Z00,B4,G5,Setup1,0.1,0.0919971,Test_1,-3.05E-13,1,25,A1234,2024-07-16T14:52:44+00:00,C:\Users\Documents\Folder_1,A123,2024-07-16T14:51:30+00:00
Working,2024-07-16T14:52:50+00:00,Z00,W01,1,W01-X7-Y5-Z00-B4-gap10-25C,Z00,B4,G5,Setup1,0.1,0.0937294,Test_1,-3.43E-13,1,25,A1234,2024-07-16T14:52:49+00:00,C:\Users\Documents\Folder_1,A123,2024-07-16T14:51:30+00:00
Working,2024-07-16T14:53:01+00:00,Z00,W01,1,W01-X4-Y5-Z00-B3-gap1-25C,Z00,B3,D5,Setup1,0.1,0.000747246,Test_1,-3.01E-13,4,25,A1234,2024-07-16T14:52:57+00:00,C:\Users\Documents\Folder_1,A123,2024-07-16T14:52:53+00:00
Working,2024-07-16T14:53:09+00:00,Z00,W01,1,W01-X4-Y5-Z00-B3-gap2-25C,Z00,B3,D5,Setup1,0.1,0.000719526,Test_1,-3.06E-13,4,25,A1234,2024-07-16T14:53:05+00:00,C:\Users\Documents\Folder_1,A123,2024-07-16T14:52:53+00:00
Working,2024-07-16T14:53:17+00:00,Z00,W01,1,W01-X4-Y5-Z00-B3-gap3-25C,Z00,B3,D5,Setup1,0.1,0.000702293,Test_1,-3.32E-13,4,25,A1234,2024-07-16T14:53:13+00:00,C:\Users\Documents\Folder_1,A123,2024-07-16T14:52:53+00:00
Working,2024-07-16T14:53:24+00:00,Z00,W01,1,W01-X4-Y5-Z00-B3-gap4-25C,Z00,B3,D5,Setup1,0.1,0.000659224,Test_1,-2.90E-13,3,25,A1234,2024-07-16T14:53:21+00:00,C:\Users\Documents\Folder_1,A123,2024-07-16T14:52:53+00:00
Working,2024-07-16T14:53:32+00:00,Z00,W01,1,W01-X4-Y5-Z00-B3-gap5-25C,Z00,B3,D5,Setup1,0.1,0.00063255,Test_1,-3.13E-13,3,25,A1234,2024-07-16T14:53:29+00:00,C:\Users\Documents\Folder_1,A123,2024-07-16T14:52:53+00:00
Working,2024-07-16T14:53:40+00:00,Z00,W01,1,W01-X4-Y5-Z00-B3-gap10-25C,Z00,B3,D5,Setup1,0.1,0.000573347,Test_1,-2.78E-13,3,25,A1234,2024-07-16T14:53:37+00:00,C:\Users\Documents\Folder_1,A123,2024-07-16T14:52:53+00:00
Working,2024-07-16T14:53:46+00:00,Z00,W01,1,W01-X4-Y5-Z00-B4-gap1-25C,Z00,B4,D5,Setup1,0.1,0.0792824,Test_1,-3.02E-13,1,25,A1234,2024-07-16T14:53:45+00:00,C:\Users\Documents\Folder_1,A123,2024-07-16T14:52:53+00:00
Working,2024-07-16T14:53:51+00:00,Z00,W01,1,W01-X4-Y5-Z00-B4-gap2-25C,Z00,B4,D5,Setup1,0.1,0.0852401,Test_1,-2.76E-13,1,25,A1234,2024-07-16T14:53:50+00:00,C:\Users\Documents\Folder_1,A123,2024-07-16T14:52:53+00:00
Working,2024-07-16T14:53:57+00:00,Z00,W01,1,W01-X4-Y5-Z00-B4-gap3-25C,Z00,B4,D5,Setup1,0.1,0.089217,Test_1,-3.37E-13,1,25,A1234,2024-07-16T14:53:56+00:00,C:\Users\Documents\Folder_1,A123,2024-07-16T14:52:53+00:00
Working,2024-07-16T14:54:02+00:00,Z00,W01,1,W01-X4-Y5-Z00-B4-gap4-25C,Z00,B4,D5,Setup1,0.1,0.0883219,Test_1,-2.18E-13,1,25,A1234,2024-07-16T14:54:01+00:00,C:\Users\Documents\Folder_1,A123,2024-07-16T14:52:53+00:00
Working,2024-07-16T14:54:08+00:00,Z00,W01,1,W01-X4-Y5-Z00-B4-gap5-25C,Z00,B4,D5,Setup1,0.1,0.0920974,Test_1,-3.24E-13,1,25,A1234,2024-07-16T14:54:07+00:00,C:\Users\Documents\Folder_1,A123,2024-07-16T14:52:53+00:00
Working,2024-07-16T14:54:14+00:00,Z00,W01,1,W01-X4-Y5-Z00-B4-gap10-25C,Z00,B4,D5,Setup1,0.1,0.0983638,Test_1,-3.34E-13,1,25,A1234,2024-07-16T14:54:13+00:00,C:\Users\Documents\Folder_1,A123,2024-07-16T14:52:53+00:00
Working,2024-07-16T14:57:53+00:00,Z00,W02,1,W02-X4-Y2-Z00-B3-gap1-25C,Z00,B3,D2,Setup1,0.1,0.00251484,Test_1,-3.02E-13,3,25,A1234,2024-07-16T14:57:50+00:00,C:\Users\Documents\Folder_2,A123,2024-07-16T14:57:46+00:00
Working,2024-07-16T14:58:01+00:00,Z00,W02,1,W02-X4-Y2-Z00-B3-gap2-25C,Z00,B3,D2,Setup1,0.1,0.0025048,Test_1,-3.59E-13,3,25,A1234,2024-07-16T14:57:58+00:00,C:\Users\Documents\Folder_2,A123,2024-07-16T14:57:46+00:00
Working,2024-07-16T14:58:09+00:00,Z00,W02,1,W02-X4-Y2-Z00-B3-gap3-25C,Z00,B3,D2,Setup1,0.1,0.00249647,Test_1,-3.14E-13,3,25,A1234,2024-07-16T14:58:06+00:00,C:\Users\Documents\Folder_2,A123,2024-07-16T14:57:46+00:00
Working,2024-07-16T14:58:17+00:00,Z00,W02,1,W02-X4-Y2-Z00-B3-gap4-25C,Z00,B3,D2,Setup1,0.1,0.00249144,Test_1,-3.37E-13,3,25,A1234,2024-07-16T14:58:14+00:00,C:\Users\Documents\Folder_2,A123,2024-07-16T14:57:46+00:00
Working,2024-07-16T14:58:25+00:00,Z00,W02,1,W02-X4-Y2-Z00-B3-gap5-25C,Z00,B3,D2,Setup1,0.1,0.00243117,Test_1,-3.39E-13,4,25,A1234,2024-07-16T14:58:21+00:00,C:\Users\Documents\Folder_2,A123,2024-07-16T14:57:46+00:00
Working,2024-07-16T14:58:33+00:00,Z00,W02,1,W02-X4-Y2-Z00-B3-gap10-25C,Z00,B3,D2,Setup1,0.1,0.00232219,Test_1,-2.89E-13,4,25,A1234,2024-07-16T14:58:29+00:00,C:\Users\Documents\Folder_2,A123,2024-07-16T14:57:46+00:00
Working,2024-07-16T14:58:38+00:00,Z00,W02,1,W02-X4-Y2-Z00-B4-gap1-25C,Z00,B4,D2,Setup1,0.1,0.0901615,Test_1,-3.50E-13,1,25,A1234,2024-07-16T14:58:37+00:00,C:\Users\Documents\Folder_2,A123,2024-07-16T14:57:46+00:00
Working,2024-07-16T14:58:44+00:00,Z00,W02,1,W02-X4-Y2-Z00-B4-gap2-25C,Z00,B4,D2,Setup1,0.1,0.0988657,Test_1,-2.94E-13,1,25,A1234,2024-07-16T14:58:43+00:00,C:\Users\Documents\Folder_2,A123,2024-07-16T14:57:46+00:00
Working,2024-07-16T14:58:50+00:00,Z00,W02,1,W02-X4-Y2-Z00-B4-gap3-25C,Z00,B4,D2,Setup1,0.1,0.0989469,Test_1,-3.71E-13,1,25,A1234,2024-07-16T14:58:49+00:00,C:\Users\Documents\Folder_2,A123,2024-07-16T14:57:46+00:00
Working,2024-07-16T14:58:55+00:00,Z00,W02,1,W02-X4-Y2-Z00-B4-gap4-25C,Z00,B4,D2,Setup1,0.1,0.0987199,Test_1,-3.07E-13,1,25,A1234,2024-07-16T14:58:54+00:00,C:\Users\Documents\Folder_2,A123,2024-07-16T14:57:46+00:00
Working,2024-07-16T14:59:01+00:00,Z00,W02,1,W02-X4-Y2-Z00-B4-gap5-25C,Z00,B4,D2,Setup1,0.1,0.0959091,Test_1,-3.64E-13,1,25,A1234,2024-07-16T14:59:00+00:00,C:\Users\Documents\Folder_2,A123,2024-07-16T14:57:46+00:00
Working,2024-07-16T14:59:07+00:00,Z00,W02,1,W02-X4-Y2-Z00-B4-gap10-25C,Z00,B4,D2,Setup1,0.1,0.0998606,Test_1,-2.89E-13,1,25,A1234,2024-07-16T14:59:06+00:00,C:\Users\Documents\Folder_2,A123,2024-07-16T14:57:46+00:00
Working,2024-07-16T14:59:17+00:00,Z00,W02,1,W02-X7-Y2-Z00-B3-gap1-25C,Z00,B3,G2,Setup1,0.1,0.00227638,Test_1,-3.29E-13,3,25,A1234,2024-07-16T14:59:14+00:00,C:\Users\Documents\Folder_2,A123,2024-07-16T14:59:10+00:00
Working,2024-07-16T14:59:25+00:00,Z00,W02,1,W02-X7-Y2-Z00-B3-gap2-25C,Z00,B3,G2,Setup1,0.1,0.00221169,Test_1,-3.34E-13,3,25,A1234,2024-07-16T14:59:22+00:00,C:\Users\Documents\Folder_2,A123,2024-07-16T14:59:10+00:00
Working,2024-07-16T14:59:33+00:00,Z00,W02,1,W02-X7-Y2-Z00-B3-gap3-25C,Z00,B3,G2,Setup1,0.1,0.0021227,Test_1,-2.89E-13,3,25,A1234,2024-07-16T14:59:30+00:00,C:\Users\Documents\Folder_2,A123,2024-07-16T14:59:10+00:00
Working,2024-07-16T14:59:41+00:00,Z00,W02,1,W02-X7-Y2-Z00-B3-gap4-25C,Z00,B3,G2,Setup1,0.1,0.00206125,Test_1,-2.82E-13,3,25,A1234,2024-07-16T14:59:38+00:00,C:\Users\Documents\Folder_2,A123,2024-07-16T14:59:10+00:00
Working,2024-07-16T14:59:49+00:00,Z00,W02,1,W02-X7-Y2-Z00-B3-gap5-25C,Z00,B3,G2,Setup1,0.1,0.00199438,Test_1,-2.67E-13,4,25,A1234,2024-07-16T14:59:45+00:00,C:\Users\Documents\Folder_2,A123,2024-07-16T14:59:10+00:00
Working,2024-07-16T14:59:56+00:00,Z00,W02,1,W02-X7-Y2-Z00-B3-gap10-25C,Z00,B3,G2,Setup1,0.1,0.00185549,Test_1,-3.34E-13,3,25,A1234,2024-07-16T14:59:53+00:00,C:\Users\Documents\Folder_2,A123,2024-07-16T14:59:10+00:00
Working,2024-07-16T15:00:02+00:00,Z00,W02,1,W02-X7-Y2-Z00-B4-gap1-25C,Z00,B4,G2,Setup1,0.1,0.0884704,Test_1,-3.35E-13,1,25,A1234,2024-07-16T15:00:01+00:00,C:\Users\Documents\Folder_2,A123,2024-07-16T14:59:10+00:00
Working,2024-07-16T15:00:07+00:00,Z00,W02,1,W02-X7-Y2-Z00-B4-gap2-25C,Z00,B4,G2,Setup1,0.1,0.0996126,Test_1,-3.62E-13,0,25,A1234,2024-07-16T15:00:07+00:00,C:\Users\Documents\Folder_2,A123,2024-07-16T14:59:10+00:00
Working,2024-07-16T15:00:13+00:00,Z00,W02,1,W02-X7-Y2-Z00-B4-gap3-25C,Z00,B4,G2,Setup1,0.1,0.0910424,Test_1,-2.23E-13,1,25,A1234,2024-07-16T15:00:12+00:00,C:\Users\Documents\Folder_2,A123,2024-07-16T14:59:10+00:00
Working,2024-07-16T15:00:18+00:00,Z00,W02,1,W02-X7-Y2-Z00-B4-gap4-25C,Z00,B4,G2,Setup1,0.1,0.0805475,Test_1,-3.38E-13,1,25,A1234,2024-07-16T15:00:17+00:00,C:\Users\Documents\Folder_2,A123,2024-07-16T14:59:10+00:00
Working,2024-07-16T15:00:24+00:00,Z00,W02,1,W02-X7-Y2-Z00-B4-gap5-25C,Z00,B4,G2,Setup1,0.1,0.0965249,Test_1,-3.14E-13,1,25,A1234,2024-07-16T15:00:23+00:00,C:\Users\Documents\Folder_2,A123,2024-07-16T14:59:10+00:00
Working,2024-07-16T15:00:29+00:00,Z00,W02,1,W02-X7-Y2-Z00-B4-gap10-25C,Z00,B4,G2,Setup1,0.1,0.0926917,Test_1,-3.57E-13,1,25,A1234,2024-07-16T15:00:28+00:00,C:\Users\Documents\Folder_2,A123,2024-07-16T14:59:10+00:00
Working,2024-07-16T15:00:39+00:00,Z00,W02,1,W02-X6-Y3-Z00-B3-gap1-25C,Z00,B3,F3,Setup1,0.1,0.0029306,Test_1,-3.15E-13,3,25,A1234,2024-07-16T15:00:36+00:00,C:\Users\Documents\Folder_2,A123,2024-07-16T15:00:31+00:00
Working,2024-07-16T15:00:47+00:00,Z00,W02,1,W02-X6-Y3-Z00-B3-gap2-25C,Z00,B3,F3,Setup1,0.1,0.00280605,Test_1,-3.67E-13,4,25,A1234,2024-07-16T15:00:43+00:00,C:\Users\Documents\Folder_2,A123,2024-07-16T15:00:31+00:00
Working,2024-07-16T15:00:55+00:00,Z00,W02,1,W02-X6-Y3-Z00-B3-gap3-25C,Z00,B3,F3,Setup1,0.1,0.00269856,Test_1,-3.28E-13,4,25,A1234,2024-07-16T15:00:51+00:00,C:\Users\Documents\Folder_2,A123,2024-07-16T15:00:31+00:00
Working,2024-07-16T15:01:03+00:00,Z00,W02,1,W02-X6-Y3-Z00-B3-gap4-25C,Z00,B3,F3,Setup1,0.1,0.00260741,Test_1,-3.04E-13,4,25,A1234,2024-07-16T15:00:59+00:00,C:\Users\Documents\Folder_2,A123,2024-07-16T15:00:31+00:00
Working,2024-07-16T15:01:10+00:00,Z00,W02,1,W02-X6-Y3-Z00-B3-gap5-25C,Z00,B3,F3,Setup1,0.1,0.00250589,Test_1,-2.97E-13,3,25,A1234,2024-07-16T15:01:07+00:00,C:\Users\Documents\Folder_2,A123,2024-07-16T15:00:31+00:00
Working,2024-07-16T15:01:18+00:00,Z00,W02,1,W02-X6-Y3-Z00-B3-gap10-25C,Z00,B3,F3,Setup1,0.1,0.00227499,Test_1,-2.99E-13,3,25,A1234,2024-07-16T15:01:15+00:00,C:\Users\Documents\Folder_2,A123,2024-07-16T15:00:31+00:00
Working,2024-07-16T15:01:24+00:00,Z00,W02,1,W02-X6-Y3-Z00-B4-gap1-25C,Z00,B4,F3,Setup1,0.1,0.0903694,Test_1,-2.38E-13,1,25,A1234,2024-07-16T15:01:23+00:00,C:\Users\Documents\Folder_2,A123,2024-07-16T15:00:31+00:00
Working,2024-07-16T15:01:29+00:00,Z00,W02,1,W02-X6-Y3-Z00-B4-gap2-25C,Z00,B4,F3,Setup1,0.1,0.0805392,Test_1,-2.81E-13,1,25,A1234,2024-07-16T15:01:28+00:00,C:\Users\Documents\Folder_2,A123,2024-07-16T15:00:31+00:00
Working,2024-07-16T15:01:34+00:00,Z00,W02,1,W02-X6-Y3-Z00-B4-gap3-25C,Z00,B4,F3,Setup1,0.1,0.0873301,Test_1,-3.31E-13,0,25,A1234,2024-07-16T15:01:34+00:00,C:\Users\Documents\Folder_2,A123,2024-07-16T15:00:31+00:00
Working,2024-07-16T15:01:40+00:00,Z00,W02,1,W02-X6-Y3-Z00-B4-gap4-25C,Z00,B4,F3,Setup1,0.1,0.0821644,Test_1,-3.05E-13,1,25,A1234,2024-07-16T15:01:39+00:00,C:\Users\Documents\Folder_2,A123,2024-07-16T15:00:31+00:00
Working,2024-07-16T15:01:45+00:00,Z00,W02,1,W02-X6-Y3-Z00-B4-gap5-25C,Z00,B4,F3,Setup1,0.1,0.0925248,Test_1,-2.85E-13,1,25,A1234,2024-07-16T15:01:44+00:00,C:\Users\Documents\Folder_2,A123,2024-07-16T15:00:31+00:00
Working,2024-07-16T15:01:51+00:00,Z00,W02,1,W02-X6-Y3-Z00-B4-gap10-25C,Z00,B4,F3,Setup1,0.1,0.0929079,Test_1,-2.85E-13,1,25,A1234,2024-07-16T15:01:50+00:00,C:\Users\Documents\Folder_2,A123,2024-07-16T15:00:31+00:00
Working,2024-07-16T15:02:00+00:00,Z00,W02,1,W02-X5-Y3-Z00-B3-gap1-25C,Z00,B3,E3,Setup1,0.1,0.00313548,Test_1,-3.27E-13,3,25,A1234,2024-07-16T15:01:57+00:00,C:\Users\Documents\Folder_2,A123,2024-07-16T15:01:53+00:00
Working,2024-07-16T15:02:09+00:00,Z00,W02,1,W02-X5-Y3-Z00-B3-gap2-25C,Z00,B3,E3,Setup1,0.1,0.00308505,Test_1,-2.71E-13,4,25,A1234,2024-07-16T15:02:05+00:00,C:\Users\Documents\Folder_2,A123,2024-07-16T15:01:53+00:00
Working,2024-07-16T15:02:16+00:00,Z00,W02,1,W02-X5-Y3-Z00-B3-gap3-25C,Z00,B3,E3,Setup1,0.1,0.00300267,Test_1,-3.02E-13,3,25,A1234,2024-07-16T15:02:13+00:00,C:\Users\Documents\Folder_2,A123,2024-07-16T15:01:53+00:00
Working,2024-07-16T15:02:24+00:00,Z00,W02,1,W02-X5-Y3-Z00-B3-gap4-25C,Z00,B3,E3,Setup1,0.1,0.00294118,Test_1,-3.31E-13,3,25,A1234,2024-07-16T15:02:21+00:00,C:\Users\Documents\Folder_2,A123,2024-07-16T15:01:53+00:00
Working,2024-07-16T15:02:33+00:00,Z00,W02,1,W02-X5-Y3-Z00-B3-gap5-25C,Z00,B3,E3,Setup1,0.1,0.00288117,Test_1,-2.85E-13,4,25,A1234,2024-07-16T15:02:29+00:00,C:\Users\Documents\Folder_2,A123,2024-07-16T15:01:53+00:00
Working,2024-07-16T15:02:41+00:00,Z00,W02,1,W02-X5-Y3-Z00-B3-gap10-25C,Z00,B3,E3,Setup1,0.1,0.00262263,Test_1,-2.67E-13,3,25,A1234,2024-07-16T15:02:38+00:00,C:\Users\Documents\Folder_2,A123,2024-07-16T15:01:53+00:00
Working,2024-07-16T15:02:47+00:00,Z00,W02,1,W02-X5-Y3-Z00-B4-gap1-25C,Z00,B4,E3,Setup1,0.1,0.0913662,Test_1,-2.41E-13,1,25,A1234,2024-07-16T15:02:46+00:00,C:\Users\Documents\Folder_2,A123,2024-07-16T15:01:53+00:00
Working,2024-07-16T15:02:52+00:00,Z00,W02,1,W02-X5-Y3-Z00-B4-gap2-25C,Z00,B4,E3,Setup1,0.1,0.0799569,Test_1,-2.93E-13,1,25,A1234,2024-07-16T15:02:51+00:00,C:\Users\Documents\Folder_2,A123,2024-07-16T15:01:53+00:00
Working,2024-07-16T15:02:57+00:00,Z00,W02,1,W02-X5-Y3-Z00-B4-gap3-25C,Z00,B4,E3,Setup1,0.1,0.0942207,Test_1,-2.87E-13,0,25,A1234,2024-07-16T15:02:57+00:00,C:\Users\Documents\Folder_2,A123,2024-07-16T15:01:53+00:00
Working,2024-07-16T15:03:03+00:00,Z00,W02,1,W02-X5-Y3-Z00-B4-gap4-25C,Z00,B4,E3,Setup1,0.1,0.0860137,Test_1,-3.11E-13,1,25,A1234,2024-07-16T15:03:02+00:00,C:\Users\Documents\Folder_2,A123,2024-07-16T15:01:53+00:00
Working,2024-07-16T15:03:08+00:00,Z00,W02,1,W02-X5-Y3-Z00-B4-gap5-25C,Z00,B4,E3,Setup1,0.1,0.0890304,Test_1,-2.10E-13,1,25,A1234,2024-07-16T15:03:07+00:00,C:\Users\Documents\Folder_2,A123,2024-07-16T15:01:53+00:00
Working,2024-07-16T15:03:14+00:00,Z00,W02,1,W02-X5-Y3-Z00-B4-gap10-25C,Z00,B4,E3,Setup1,0.1,0.0908798,Test_1,-3.16E-13,1,25,A1234,2024-07-16T15:03:13+00:00,C:\Users\Documents\Folder_2,A123,2024-07-16T15:01:53+00:00
Working,2024-07-16T15:03:24+00:00,Z00,W02,1,W02-X5-Y4-Z00-B3-gap1-25C,Z00,B3,E4,Setup1,0.1,0.00349872,Test_1,-2.71E-13,4,25,A1234,2024-07-16T15:03:20+00:00,C:\Users\Documents\Folder_2,A123,2024-07-16T15:03:16+00:00
Working,2024-07-16T15:03:32+00:00,Z00,W02,1,W02-X5-Y4-Z00-B3-gap2-25C,Z00,B3,E4,Setup1,0.1,0.00342499,Test_1,-3.18E-13,3,25,A1234,2024-07-16T15:03:29+00:00,C:\Users\Documents\Folder_2,A123,2024-07-16T15:03:16+00:00
Working,2024-07-16T15:03:40+00:00,Z00,W02,1,W02-X5-Y4-Z00-B3-gap3-25C,Z00,B3,E4,Setup1,0.1,0.00334402,Test_1,-3.61E-13,3,25,A1234,2024-07-16T15:03:37+00:00,C:\Users\Documents\Folder_2,A123,2024-07-16T15:03:16+00:00
Working,2024-07-16T15:03:48+00:00,Z00,W02,1,W02-X5-Y4-Z00-B3-gap4-25C,Z00,B3,E4,Setup1,0.1,0.00324514,Test_1,-3.07E-13,3,25,A1234,2024-07-16T15:03:45+00:00,C:\Users\Documents\Folder_2,A123,2024-07-16T15:03:16+00:00
Working,2024-07-16T15:03:56+00:00,Z00,W02,1,W02-X5-Y4-Z00-B3-gap5-25C,Z00,B3,E4,Setup1,0.1,0.00315682,Test_1,-2.68E-13,3,25,A1234,2024-07-16T15:03:53+00:00,C:\Users\Documents\Folder_2,A123,2024-07-16T15:03:16+00:00
Working,2024-07-16T15:04:04+00:00,Z00,W02,1,W02-X5-Y4-Z00-B3-gap10-25C,Z00,B3,E4,Setup1,0.1,0.00284415,Test_1,-2.37E-13,3,25,A1234,2024-07-16T15:04:01+00:00,C:\Users\Documents\Folder_2,A123,2024-07-16T15:03:16+00:00
Working,2024-07-16T15:04:09+00:00,Z00,W02,1,W02-X5-Y4-Z00-B4-gap1-25C,Z00,B4,E4,Setup1,0.1,0.0858093,Test_1,-3.28E-13,0,25,A1234,2024-07-16T15:04:09+00:00,C:\Users\Documents\Folder_2,A123,2024-07-16T15:03:16+00:00
Working,2024-07-16T15:04:15+00:00,Z00,W02,1,W02-X5-Y4-Z00-B4-gap2-25C,Z00,B4,E4,Setup1,0.1,0.0778872,Test_1,-2.66E-13,1,25,A1234,2024-07-16T15:04:14+00:00,C:\Users\Documents\Folder_2,A123,2024-07-16T15:03:16+00:00
Working,2024-07-16T15:04:20+00:00,Z00,W02,1,W02-X5-Y4-Z00-B4-gap3-25C,Z00,B4,E4,Setup1,0.1,0.0916036,Test_1,-3.09E-13,1,25,A1234,2024-07-16T15:04:19+00:00,C:\Users\Documents\Folder_2,A123,2024-07-16T15:03:16+00:00
Working,2024-07-16T15:04:25+00:00,Z00,W02,1,W02-X5-Y4-Z00-B4-gap4-25C,Z00,B4,E4,Setup1,0.1,0.0810398,Test_1,-2.89E-13,0,25,A1234,2024-07-16T15:04:25+00:00,C:\Users\Documents\Folder_2,A123,2024-07-16T15:03:16+00:00
Working,2024-07-16T15:04:31+00:00,Z00,W02,1,W02-X5-Y4-Z00-B4-gap5-25C,Z00,B4,E4,Setup1,0.1,0.0941918,Test_1,-2.49E-13,1,25,A1234,2024-07-16T15:04:30+00:00,C:\Users\Documents\Folder_2,A123,2024-07-16T15:03:16+00:00
Working,2024-07-16T15:04:37+00:00,Z00,W02,1,W02-X5-Y4-Z00-B4-gap10-25C,Z00,B4,E4,Setup1,0.1,0.0922621,Test_1,-3.55E-13,2,25,A1234,2024-07-16T15:04:35+00:00,C:\Users\Documents\Folder_2,A123,2024-07-16T15:03:16+00:00
Working,2024-07-16T15:04:46+00:00,Z00,W02,1,W02-X6-Y4-Z00-B3-gap1-25C,Z00,B3,F4,Setup1,0.1,0.003273,Test_1,-2.89E-13,3,25,A1234,2024-07-16T15:04:43+00:00,C:\Users\Documents\Folder_2,A123,2024-07-16T15:04:38+00:00
Working,2024-07-16T15:04:54+00:00,Z00,W02,1,W02-X6-Y4-Z00-B3-gap2-25C,Z00,B3,F4,Setup1,0.1,0.00315207,Test_1,-3.36E-13,3,25,A1234,2024-07-16T15:04:51+00:00,C:\Users\Documents\Folder_2,A123,2024-07-16T15:04:38+00:00
Working,2024-07-16T15:05:02+00:00,Z00,W02,1,W02-X6-Y4-Z00-B3-gap3-25C,Z00,B3,F4,Setup1,0.1,0.00302021,Test_1,-3.40E-13,3,25,A1234,2024-07-16T15:04:59+00:00,C:\Users\Documents\Folder_2,A123,2024-07-16T15:04:38+00:00
Working,2024-07-16T15:05:10+00:00,Z00,W02,1,W02-X6-Y4-Z00-B3-gap4-25C,Z00,B3,F4,Setup1,0.1,0.00291243,Test_1,-3.52E-13,3,25,A1234,2024-07-16T15:05:07+00:00,C:\Users\Documents\Folder_2,A123,2024-07-16T15:04:38+00:00
Working,2024-07-16T15:05:18+00:00,Z00,W02,1,W02-X6-Y4-Z00-B3-gap5-25C,Z00,B3,F4,Setup1,0.1,0.00280526,Test_1,-2.60E-13,3,25,A1234,2024-07-16T15:05:15+00:00,C:\Users\Documents\Folder_2,A123,2024-07-16T15:04:38+00:00
Working,2024-07-16T15:05:26+00:00,Z00,W02,1,W02-X6-Y4-Z00-B3-gap10-25C,Z00,B3,F4,Setup1,0.1,0.00254155,Test_1,-3.09E-13,3,25,A1234,2024-07-16T15:05:23+00:00,C:\Users\Documents\Folder_2,A123,2024-07-16T15:04:38+00:00
Working,2024-07-16T15:05:32+00:00,Z00,W02,1,W02-X6-Y4-Z00-B4-gap1-25C,Z00,B4,F4,Setup1,0.1,0.0979785,Test_1,-2.41E-13,1,25,A1234,2024-07-16T15:05:31+00:00,C:\Users\Documents\Folder_2,A123,2024-07-16T15:04:38+00:00
Working,2024-07-16T15:05:37+00:00,Z00,W02,1,W02-X6-Y4-Z00-B4-gap2-25C,Z00,B4,F4,Setup1,0.1,0.0862921,Test_1,-2.76E-13,0,25,A1234,2024-07-16T15:05:37+00:00,C:\Users\Documents\Folder_2,A123,2024-07-16T15:04:38+00:00
Working,2024-07-16T15:05:43+00:00,Z00,W02,1,W02-X6-Y4-Z00-B4-gap3-25C,Z00,B4,F4,Setup1,0.1,0.0988765,Test_1,-3.06E-13,1,25,A1234,2024-07-16T15:05:42+00:00,C:\Users\Documents\Folder_2,A123,2024-07-16T15:04:38+00:00
Working,2024-07-16T15:05:48+00:00,Z00,W02,1,W02-X6-Y4-Z00-B4-gap4-25C,Z00,B4,F4,Setup1,0.1,0.0923528,Test_1,-2.76E-13,1,25,A1234,2024-07-16T15:05:47+00:00,C:\Users\Documents\Folder_2,A123,2024-07-16T15:04:38+00:00
Working,2024-07-16T15:05:54+00:00,Z00,W02,1,W02-X6-Y4-Z00-B4-gap5-25C,Z00,B4,F4,Setup1,0.1,0.0850207,Test_1,-3.09E-13,1,25,A1234,2024-07-16T15:05:53+00:00,C:\Users\Documents\Folder_2,A123,2024-07-16T15:04:38+00:00
Working,2024-07-16T15:06:00+00:00,Z00,W02,1,W02-X6-Y4-Z00-B4-gap10-25C,Z00,B4,F4,Setup1,0.1,0.0962093,Test_1,-2.76E-13,2,25,A1234,2024-07-16T15:05:58+00:00,C:\Users\Documents\Folder_2,A123,2024-07-16T15:04:38+00:00
Working,2024-07-16T15:06:09+00:00,Z00,W02,1,W02-X7-Y5-Z00-B3-gap1-25C,Z00,B3,G5,Setup1,0.1,0.00339693,Test_1,-3.74E-13,3,25,A1234,2024-07-16T15:06:06+00:00,C:\Users\Documents\Folder_2,A123,2024-07-16T15:06:02+00:00
Working,2024-07-16T15:06:17+00:00,Z00,W02,1,W02-X7-Y5-Z00-B3-gap2-25C,Z00,B3,G5,Setup1,0.1,0.003322,Test_1,-3.35E-13,3,25,A1234,2024-07-16T15:06:14+00:00,C:\Users\Documents\Folder_2,A123,2024-07-16T15:06:02+00:00
Working,2024-07-16T15:06:25+00:00,Z00,W02,1,W02-X7-Y5-Z00-B3-gap3-25C,Z00,B3,G5,Setup1,0.1,0.0031978,Test_1,-3.50E-13,3,25,A1234,2024-07-16T15:06:22+00:00,C:\Users\Documents\Folder_2,A123,2024-07-16T15:06:02+00:00
Working,2024-07-16T15:06:33+00:00,Z00,W02,1,W02-X7-Y5-Z00-B3-gap4-25C,Z00,B3,G5,Setup1,0.1,0.00310473,Test_1,-3.31E-13,3,25,A1234,2024-07-16T15:06:30+00:00,C:\Users\Documents\Folder_2,A123,2024-07-16T15:06:02+00:00
Working,2024-07-16T15:06:41+00:00,Z00,W02,1,W02-X7-Y5-Z00-B3-gap5-25C,Z00,B3,G5,Setup1,0.1,0.00301859,Test_1,-3.37E-13,3,25,A1234,2024-07-16T15:06:38+00:00,C:\Users\Documents\Folder_2,A123,2024-07-16T15:06:02+00:00
Working,2024-07-16T15:06:49+00:00,Z00,W02,1,W02-X7-Y5-Z00-B3-gap10-25C,Z00,B3,G5,Setup1,0.1,0.0027362,Test_1,-3.28E-13,3,25,A1234,2024-07-16T15:06:46+00:00,C:\Users\Documents\Folder_2,A123,2024-07-16T15:06:02+00:00
Working,2024-07-16T15:06:55+00:00,Z00,W02,1,W02-X7-Y5-Z00-B4-gap1-25C,Z00,B4,G5,Setup1,0.1,0.09333,Test_1,-3.32E-13,1,25,A1234,2024-07-16T15:06:54+00:00,C:\Users\Documents\Folder_2,A123,2024-07-16T15:06:02+00:00
Working,2024-07-16T15:07:01+00:00,Z00,W02,1,W02-X7-Y5-Z00-B4-gap2-25C,Z00,B4,G5,Setup1,0.1,0.0939377,Test_1,-3.16E-13,1,25,A1234,2024-07-16T15:07:00+00:00,C:\Users\Documents\Folder_2,A123,2024-07-16T15:06:02+00:00
Working,2024-07-16T15:07:06+00:00,Z00,W02,1,W02-X7-Y5-Z00-B4-gap3-25C,Z00,B4,G5,Setup1,0.1,0.0949139,Test_1,-2.96E-13,1,25,A1234,2024-07-16T15:07:05+00:00,C:\Users\Documents\Folder_2,A123,2024-07-16T15:06:02+00:00
Working,2024-07-16T15:07:12+00:00,Z00,W02,1,W02-X7-Y5-Z00-B4-gap4-25C,Z00,B4,G5,Setup1,0.1,0.099448,Test_1,-3.70E-13,1,25,A1234,2024-07-16T15:07:11+00:00,C:\Users\Documents\Folder_2,A123,2024-07-16T15:06:02+00:00
Working,2024-07-16T15:07:17+00:00,Z00,W02,1,W02-X7-Y5-Z00-B4-gap5-25C,Z00,B4,G5,Setup1,0.1,0.098338,Test_1,-3.12E-13,1,25,A1234,2024-07-16T15:07:16+00:00,C:\Users\Documents\Folder_2,A123,2024-07-16T15:06:02+00:00
Working,2024-07-16T15:07:23+00:00,Z00,W02,1,W02-X7-Y5-Z00-B4-gap10-25C,Z00,B4,G5,Setup1,0.1,0.0945511,Test_1,-3.16E-13,1,25,A1234,2024-07-16T15:07:22+00:00,C:\Users\Documents\Folder_2,A123,2024-07-16T15:06:02+00:00
Working,2024-07-16T15:07:34+00:00,Z00,W02,1,W02-X4-Y5-Z00-B3-gap1-25C,Z00,B3,D5,Setup1,0.1,0.00371709,Test_1,-3.44E-13,4,25,A1234,2024-07-16T15:07:30+00:00,C:\Users\Documents\Folder_2,A123,2024-07-16T15:07:26+00:00
Working,2024-07-16T15:07:42+00:00,Z00,W02,1,W02-X4-Y5-Z00-B3-gap2-25C,Z00,B3,D5,Setup1,0.1,0.00362225,Test_1,-2.79E-13,4,25,A1234,2024-07-16T15:07:38+00:00,C:\Users\Documents\Folder_2,A123,2024-07-16T15:07:26+00:00
Working,2024-07-16T15:07:50+00:00,Z00,W02,1,W02-X4-Y5-Z00-B3-gap3-25C,Z00,B3,D5,Setup1,0.1,0.00351413,Test_1,-3.10E-13,4,25,A1234,2024-07-16T15:07:46+00:00,C:\Users\Documents\Folder_2,A123,2024-07-16T15:07:26+00:00
Working,2024-07-16T15:07:57+00:00,Z00,W02,1,W02-X4-Y5-Z00-B3-gap4-25C,Z00,B3,D5,Setup1,0.1,0.00340151,Test_1,-2.89E-13,3,25,A1234,2024-07-16T15:07:54+00:00,C:\Users\Documents\Folder_2,A123,2024-07-16T15:07:26+00:00
Working,2024-07-16T15:08:05+00:00,Z00,W02,1,W02-X4-Y5-Z00-B3-gap5-25C,Z00,B3,D5,Setup1,0.1,0.00332491,Test_1,-3.34E-13,3,25,A1234,2024-07-16T15:08:02+00:00,C:\Users\Documents\Folder_2,A123,2024-07-16T15:07:26+00:00
Working,2024-07-16T15:08:14+00:00,Z00,W02,1,W02-X4-Y5-Z00-B3-gap10-25C,Z00,B3,D5,Setup1,0.1,0.00298012,Test_1,-3.29E-13,4,25,A1234,2024-07-16T15:08:10+00:00,C:\Users\Documents\Folder_2,A123,2024-07-16T15:07:26+00:00
Working,2024-07-16T15:08:19+00:00,Z00,W02,1,W02-X4-Y5-Z00-B4-gap1-25C,Z00,B4,D5,Setup1,0.1,0.0939857,Test_1,-3.13E-13,1,25,A1234,2024-07-16T15:08:18+00:00,C:\Users\Documents\Folder_2,A123,2024-07-16T15:07:26+00:00
Working,2024-07-16T15:08:25+00:00,Z00,W02,1,W02-X4-Y5-Z00-B4-gap2-25C,Z00,B4,D5,Setup1,0.1,0.0950534,Test_1,-3.01E-13,1,25,A1234,2024-07-16T15:08:24+00:00,C:\Users\Documents\Folder_2,A123,2024-07-16T15:07:26+00:00
Working,2024-07-16T15:08:31+00:00,Z00,W02,1,W02-X4-Y5-Z00-B4-gap3-25C,Z00,B4,D5,Setup1,0.1,0.0883651,Test_1,-3.17E-13,1,25,A1234,2024-07-16T15:08:30+00:00,C:\Users\Documents\Folder_2,A123,2024-07-16T15:07:26+00:00
Working,2024-07-16T15:08:36+00:00,Z00,W02,1,W02-X4-Y5-Z00-B4-gap4-25C,Z00,B4,D5,Setup1,0.1,0.0864167,Test_1,-2.84E-13,1,25,A1234,2024-07-16T15:08:35+00:00,C:\Users\Documents\Folder_2,A123,2024-07-16T15:07:26+00:00
Working,2024-07-16T15:08:42+00:00,Z00,W02,1,W02-X4-Y5-Z00-B4-gap5-25C,Z00,B4,D5,Setup1,0.1,0.0900697,Test_1,-2.74E-13,1,25,A1234,2024-07-16T15:08:41+00:00,C:\Users\Documents\Folder_2,A123,2024-07-16T15:07:26+00:00
Working,2024-07-16T15:08:48+00:00,Z00,W02,1,W02-X4-Y5-Z00-B4-gap10-25C,Z00,B4,D5,Setup1,0.1,0.0920032,Test_1,-2.90E-13,2,25,A1234,2024-07-16T15:08:46+00:00,C:\Users\Documents\Folder_2,A123,2024-07-16T15:07:26+00:00
